cedar-maldi-v2.0.0,cedar-maldi-v1.0.0
parent_sample_id,parent_sample_id
lab_id,lab_id
preparation_protocol_doi,preparation_protocol_doi
dataset_type,dataset_type
analyte_class,analyte_class
is_targeted,is_targeted
acquisition_instrument_vendor,acquisition_instrument_vendor
acquisition_instrument_model,acquisition_instrument_model
source_storage_duration_value,source_storage_duration_value
source_storage_duration_unit,source_storage_duration_unit
time_since_acquisition_instrument_calibration_value,time_since_acquisition_instrument_calibration_value
time_since_acquisition_instrument_calibration_unit,time_since_acquisition_instrument_calibration_unit
contributors_path,contributors_path
data_path,data_path
ms_ionization_technique,ms_ionization_technique
ms_scan_mode,ms_scan_mode
mass_analysis_polarity,mass_analysis_polarity
mass_to_charge_range_low_value,mass_to_charge_range_low_value
mass_to_charge_range_high_value,mass_to_charge_range_high_value
mass_resolving_power,mass_resolving_power
mass_to_charge_resolving_power,mass_to_charge_resolving_power
ion_mobility,ion_mobility
matrix_deposition_method,matrix_deposition_method
preparation_instrument_vendor,preparation_instrument_vendor
preparation_instrument_model,preparation_instrument_model
preparation_matrix,preparation_matrix
analysis_protocol_doi,analysis_protocol_doi
metadata_schema_id,metadata_schema_id